username,password,fullName,email
epsilon_rep,hi,Alexander Smith,alex@epsilon-solutions.com
lambda_rep,hi,Daniel Brown,daniel@lambda-group.com
omega2_rep,hi,Olivia Martinez,olivia@omega2-tech.com
kappa_rep,hi,Ava Wilson,ava@kappa-solutions.com
rho_rep,hi,Ethan Taylor,ethan@rho-technologies.com
delta2_rep,hi,Isabella Thompson,isabella@delta2-innovations.com
tau_rep,hi,William Anderson,william@tau-corporation.com
gamma2_rep,hi,Sophia Garcia,sophia@gamma2-group.com
pi_rep,hi,James Hernandez,james@pi-solutions.com
nu_rep,hi,Charlotte Martinez,charlotte@nu-technologies.com
xi_rep,hi,Mason Lopez,mason@xi-solutions.com
omicron_rep,hi,Amelia Baker,amelia@omicron-innovations.com
upsilon_rep,hi,Henry Perez,henry@upsilon-tech.com
phi_rep,hi,Ella Flores,ella@phi-solutions.com
chi_rep,hi,Andrew Wilson,andrew@chi-technologies.com
psi_rep,hi,Avery Hernandez,avery@psi-group.com
omega3_rep,hi,Scarlett Scott,scarlett@omega3-tech.com
sigma2_rep,hi,Liam Martinez,liam@sigma2-solutions.com
tau2_rep,hi,Grace Adams,grace@tau2-technologies.com
upsilon2_rep,hi,Logan Clark,logan@upsilon2-tech.com
phi2_rep,hi,Zoe Wood,zoe@phi2-solutions.com
chi2_rep,hi,Gabriel Ramirez,gabriel@chi2-technologies.com
psi2_rep,hi,Victoria Parker,victoria@psi2-group.com
omega4_rep,hi,Nicholas Cook,nicholas@omega4-tech.com
sigma3_rep,hi,Chloe Morris,chloe@sigma3-solutions.com
tau3_rep,hi,Jacob Rivera,jacob@tau3-technologies.com
upsilon3_rep,hi,Sophie Hill,sophie@upsilon3-tech.com
phi3_rep,hi,Carter Green,carter@phi3-solutions.com